CVE-2019-16995,6caabe7f197d3466d238f70915d65301f1716626,net/hsr/hsr_device.c,506,hsr_dev_finalize
CVE-2019-16995,6caabe7f197d3466d238f70915d65301f1716626,net/hsr/hsr_device.c,486,hsr_dev_finalize
CVE-2019-16995,6caabe7f197d3466d238f70915d65301f1716626,net/hsr/hsr_framereg.c,124,hsr_create_self_node
CVE-2019-16994,07f12b26e21ab359261bf75cfcb424fdc7daeb6d,net/ipv6/sit.c,1873,sit_init_net
CVE-2019-16921,df7e40425813c50cd252e6f5e348a81ef1acae56,drivers/infiniband/hw/hns/hns_roce_main.c,338,*hns_roce_alloc_ucontext
CVE-2019-16413,5e3cc1ee1405a7eb3487ed24f786dec01b4cbe1f,fs/9p/v9fs_vfs.h,88,v9fs_invalidate_inode_attr
CVE-2019-16413,5e3cc1ee1405a7eb3487ed24f786dec01b4cbe1f,fs/9p/vfs_file.c,446,v9fs_file_write_iter
CVE-2019-16413,5e3cc1ee1405a7eb3487ed24f786dec01b4cbe1f,fs/9p/vfs_inode.c,1217,v9fs_stat2inode
CVE-2019-16413,5e3cc1ee1405a7eb3487ed24f786dec01b4cbe1f,fs/9p/vfs_inode.c,1092,v9fs_vfs_getattr
CVE-2019-16413,5e3cc1ee1405a7eb3487ed24f786dec01b4cbe1f,fs/9p/vfs_inode.c,1418,v9fs_refresh_inode
CVE-2019-16413,5e3cc1ee1405a7eb3487ed24f786dec01b4cbe1f,fs/9p/vfs_inode.c,1170,v9fs_vfs_setattr
CVE-2019-16413,5e3cc1ee1405a7eb3487ed24f786dec01b4cbe1f,fs/9p/vfs_inode.c,1433,v9fs_refresh_inode
CVE-2019-16413,5e3cc1ee1405a7eb3487ed24f786dec01b4cbe1f,fs/9p/vfs_inode.c,538,*v9fs_qid_iget
CVE-2019-16413,5e3cc1ee1405a7eb3487ed24f786dec01b4cbe1f,fs/9p/vfs_inode_dotl.c,932,v9fs_vfs_get_link_dotl
CVE-2019-16413,5e3cc1ee1405a7eb3487ed24f786dec01b4cbe1f,fs/9p/vfs_inode_dotl.c,143,*v9fs_qid_iget_dotl
CVE-2019-16413,5e3cc1ee1405a7eb3487ed24f786dec01b4cbe1f,fs/9p/vfs_inode_dotl.c,496,v9fs_vfs_getattr_dotl
CVE-2019-16413,5e3cc1ee1405a7eb3487ed24f786dec01b4cbe1f,fs/9p/vfs_inode_dotl.c,946,v9fs_refresh_inode_dotl
CVE-2019-16413,5e3cc1ee1405a7eb3487ed24f786dec01b4cbe1f,fs/9p/vfs_inode_dotl.c,664,v9fs_stat2inode_dotl
CVE-2019-16413,5e3cc1ee1405a7eb3487ed24f786dec01b4cbe1f,fs/9p/vfs_inode_dotl.c,633,v9fs_stat2inode_dotl
CVE-2019-16413,5e3cc1ee1405a7eb3487ed24f786dec01b4cbe1f,fs/9p/vfs_inode_dotl.c,607,v9fs_vfs_setattr_dotl
