keyctl, add_key;2;CVE-2015-8539, CVE-2017-15274;Gain privileges, Denial Of Service;True;123;nginx, httpd, mysql
ioctl;26;CVE-2010-2478, CVE-2009-0745;Obtain Information, Gain privileges, Bypass a restriction or similar, Overflow, Denial Of Service;False;1;nats
mount;3;CVE-2008-2931, CVE-2014-5207;Gain privileges, Bypass a restriction or similar, Denial Of Service;True;13;crux, traefik, nats
unshare;2;CVE-2013-4205, CVE-2013-1858;Gain privileges, Denial Of Service;True;123;nginx, httpd, mysql
epoll_ctl;1;CVE-2012-3375;Denial Of Service;False;48;clearlinux, ibm-db2-warehouse-client-container, oraclelinux
inotify_add_watch;1;CVE-2019-9857;Denial Of Service;False;77;nginx, httpd, mysql
inotify_init1;1;CVE-2010-4250;Denial Of Service;False;101;nginx, httpd, mysql
ptrace;5;CVE-2019-13272, CVE-2014-9870;Gain privileges, Denial Of Service;True;122;nginx, httpd, mysql
keyctl, request_key, add_key;2;CVE-2017-7472, CVE-2016-0728;Overflow, Gain privileges, Denial Of Service;True;123;nginx, httpd, mysql
splice;1;CVE-2009-1961;Denial Of Service;False;57;mongo, rethinkdb, oraclelinux
pivot_root;1;CVE-2014-7970;Denial Of Service;True;140;nginx, httpd, mysql
removexattr, fsetxattr, lremovexattr, setxattr, lsetxattr, fremovexattr;1;CVE-2011-1090;Denial Of Service;False;22;clearlinux, opensuse, fluentd
name_to_handle_at;1;CVE-2012-6549;Obtain Information;True;139;nginx, httpd, mysql
move_pages;2;CVE-2010-0415, CVE-2017-14140;Obtain Information, Denial Of Service;True;141;httpd, nginx, redis
madvise;2;CVE-2012-3511, CVE-2017-18208;Denial Of Service;False;1;busybox
perf_event_open;1;CVE-2017-6001;Gain privileges;True;146;nginx, httpd, mysql
rt_sigqueueinfo, rt_tgsigqueueinfo;1;CVE-2011-1182;set();False;140;nginx, httpd, mysql
semctl;1;CVE-2010-4083;Obtain Information;False;97;nginx, couchdb, redis
io_submit;1;CVE-2010-3066;Denial Of Service;False;142;httpd, nginx, redis
shmctl;2;CVE-2009-0859, CVE-2010-4072;Obtain Information, Denial Of Service;False;71;iojs, hylang, rethinkdb
ioprio_get;1;CVE-2016-7911;Gain privileges, Denial Of Service;False;131;nginx, httpd, mysql
mq_notify;1;CVE-2017-11176;Denial Of Service;False;146;nginx, httpd, mysql
get_mempolicy;1;CVE-2018-10675;Denial Of Service;True;116;nginx, httpd, mysql
open_by_handle_at;1;CVE-2010-3877;Obtain Information;True;146;nginx, httpd, mysql
keyctl;4;CVE-2015-7550, CVE-2009-3624;Bypass a restriction or similar, Gain privileges, Denial Of Service;True;123;nginx, httpd, mysql
sched_getattr;1;CVE-2014-9903;Obtain Information;False;146;nginx, httpd, mysql
semget, msgget, shmget;1;CVE-2015-7613;Gain privileges;False;62;iojs, julia, clearlinux
clock_nanosleep;1;CVE-2018-13053;Overflow;False;140;nginx, httpd, mysql
waitid;2;CVE-2017-14954, CVE-2017-5123;Bypass a restriction or similar, Gain privileges, Obtain Information;False;114;nginx, httpd, mysql
set_thread_area;1;CVE-2014-8133;Bypass a restriction or similar;False;146;nginx, httpd, mysql
setsockopt;5;CVE-2016-4997, CVE-2016-8655;Gain privileges, Memory corruption, Overflow, Denial Of Service;False;22;euleros, clearlinux, opensuse
