CVE-2015-8539;keyctl, add_key;Gain privileges, Denial Of Service;True;123;nginx, httpd, mysql
CVE-2014-4656;ioctl;Overflow, Denial Of Service;False;1;nats
CVE-2014-4653;ioctl;Obtain Information, Denial Of Service;False;1;nats
CVE-2014-4652;ioctl;Obtain Information;False;1;nats
CVE-2014-5207;mount;Gain privileges, Denial Of Service;True;13;crux, traefik, nats
CVE-2014-5206;mount;Bypass a restriction or similar;True;13;crux, traefik, nats
CVE-2008-2931;mount;Gain privileges, Denial Of Service;True;13;crux, traefik, nats
CVE-2013-4205;unshare;Denial Of Service;True;123;nginx, httpd, mysql
CVE-2012-3375;epoll_ctl;Denial Of Service;False;48;clearlinux, ibm-db2-warehouse-client-container, oraclelinux
CVE-2019-9857;inotify_add_watch;Denial Of Service;False;77;nginx, httpd, mysql
CVE-2010-4250;inotify_init1;Denial Of Service;False;101;nginx, httpd, mysql
CVE-2019-13272;ptrace;set();True;122;nginx, httpd, mysql
CVE-2017-7472;keyctl, request_key, add_key;Denial Of Service;True;123;nginx, httpd, mysql
CVE-2013-0871;ptrace;Gain privileges;True;122;nginx, httpd, mysql
CVE-2009-1961;splice;Denial Of Service;False;57;mongo, rethinkdb, oraclelinux
CVE-2014-7970;pivot_root;Denial Of Service;True;140;nginx, httpd, mysql
CVE-2011-1090;removexattr, fsetxattr, lremovexattr, setxattr, lsetxattr, fremovexattr;Denial Of Service;False;22;clearlinux, opensuse, fluentd
CVE-2012-6549;name_to_handle_at;Obtain Information;True;139;nginx, httpd, mysql
CVE-2010-0415;move_pages;Denial Of Service;True;141;httpd, nginx, redis
CVE-2017-14140;move_pages;Obtain Information;True;141;httpd, nginx, redis
CVE-2017-18208;madvise;Denial Of Service;False;1;busybox
CVE-2012-3511;madvise;Denial Of Service;False;1;busybox
CVE-2017-6001;perf_event_open;Gain privileges;True;146;nginx, httpd, mysql
CVE-2011-1182;rt_sigqueueinfo, rt_tgsigqueueinfo;set();False;140;nginx, httpd, mysql
CVE-2010-4083;semctl;Obtain Information;False;97;nginx, couchdb, redis
CVE-2012-1097;ptrace;Denial Of Service;True;122;nginx, httpd, mysql
CVE-2009-1527;ptrace;Gain privileges;True;122;nginx, httpd, mysql
CVE-2014-9870;ptrace;Gain privileges;True;122;nginx, httpd, mysql
CVE-2010-3066;io_submit;Denial Of Service;False;142;httpd, nginx, redis
CVE-2010-4072;shmctl;Obtain Information;False;71;iojs, hylang, rethinkdb
CVE-2009-0859;shmctl;Denial Of Service;False;71;iojs, hylang, rethinkdb
CVE-2018-18710;ioctl;Obtain Information;False;1;nats
CVE-2011-4127;ioctl;Bypass a restriction or similar;False;1;nats
CVE-2018-10940;ioctl;Overflow;False;1;nats
CVE-2018-16658;ioctl;Obtain Information;False;1;nats
CVE-2015-5697;ioctl;Obtain Information;False;1;nats
CVE-2017-15274;keyctl, add_key;Denial Of Service;True;123;nginx, httpd, mysql
CVE-2016-0728;keyctl, request_key, add_key;Overflow, Gain privileges, Denial Of Service;True;123;nginx, httpd, mysql
CVE-2016-7911;ioprio_get;Gain privileges, Denial Of Service;False;131;nginx, httpd, mysql
CVE-2017-11176;mq_notify;Denial Of Service;False;146;nginx, httpd, mysql
CVE-2018-10675;get_mempolicy;Denial Of Service;True;116;nginx, httpd, mysql
CVE-2010-3877;open_by_handle_at;Obtain Information;True;146;nginx, httpd, mysql
CVE-2009-1192;ioctl;Obtain Information;False;1;nats
CVE-2017-12192;keyctl;Denial Of Service;True;123;nginx, httpd, mysql
CVE-2016-9604;keyctl;Bypass a restriction or similar;True;123;nginx, httpd, mysql
CVE-2009-3624;keyctl;Gain privileges, Denial Of Service;True;123;nginx, httpd, mysql
CVE-2015-7550;keyctl;Denial Of Service;True;123;nginx, httpd, mysql
CVE-2014-9903;sched_getattr;Obtain Information;False;146;nginx, httpd, mysql
CVE-2016-4569;ioctl;Obtain Information;False;1;nats
CVE-2009-0745;ioctl;Denial Of Service;False;1;nats
CVE-2017-14991;ioctl;Obtain Information;False;1;nats
CVE-2010-3861;ioctl;Obtain Information;False;1;nats
CVE-2010-2803;ioctl;Obtain Information;False;1;nats
CVE-2014-4654;ioctl;Denial Of Service;False;1;nats
CVE-2010-2066;ioctl;set();False;1;nats
CVE-2016-4482;ioctl;Obtain Information;False;1;nats
CVE-2009-4131;ioctl;set();False;1;nats
CVE-2010-4655;ioctl;Obtain Information;False;1;nats
CVE-2014-4655;ioctl;Bypass a restriction or similar, Overflow, Denial Of Service;False;1;nats
CVE-2016-5829;ioctl;Overflow, Denial Of Service;False;1;nats
CVE-2017-7187;ioctl;Overflow, Denial Of Service;False;1;nats
CVE-2012-6539;ioctl;Obtain Information;False;1;nats
CVE-2016-0723;ioctl;Obtain Information, Denial Of Service;False;1;nats
CVE-2010-2478;ioctl;Overflow, Denial Of Service;False;1;nats
CVE-2016-6516;ioctl;Overflow, Gain privileges, Denial Of Service;False;1;nats
CVE-2015-7613;semget, msgget, shmget;Gain privileges;False;62;iojs, julia, clearlinux
CVE-2018-13053;clock_nanosleep;Overflow;False;140;nginx, httpd, mysql
CVE-2013-1858;unshare;Gain privileges;True;123;nginx, httpd, mysql
CVE-2017-14954;waitid;Bypass a restriction or similar, Obtain Information;False;114;nginx, httpd, mysql
CVE-2014-8133;set_thread_area;Bypass a restriction or similar;False;146;nginx, httpd, mysql
CVE-2016-4997;setsockopt;Memory corruption, Gain privileges, Denial Of Service;False;22;euleros, clearlinux, opensuse
CVE-2016-8655;setsockopt;Gain privileges, Denial Of Service;False;22;euleros, clearlinux, opensuse
CVE-2016-9793;setsockopt;Memory corruption, Overflow, Denial Of Service;False;22;euleros, clearlinux, opensuse
CVE-2017-6074;setsockopt;Denial Of Service;False;22;euleros, clearlinux, opensuse
CVE-2017-7308;setsockopt;Overflow, Gain privileges, Denial Of Service;False;22;euleros, clearlinux, opensuse
CVE-2017-5123;waitid;Gain privileges;False;114;nginx, httpd, mysql
