recvfrom, sendto;1;CVE-2015-2686;Gain privileges;False;0;0;1;logstash
ioctl;26;CVE-2009-0745, CVE-2010-3861;Obtain Information, Denial Of Service, Gain privileges, Bypass a restriction or similar, Overflow;False;0;0;1;logstash
epoll_pwait, epoll_wait, epoll_ctl;1;CVE-2011-1082;Denial Of Service;False;0;0;1;logstash
epoll_ctl;1;CVE-2012-3375;Denial Of Service;False;0;0;1;logstash
inotify_add_watch;1;CVE-2019-9857;Denial Of Service;False;8;8;11;nginx, mysql, httpd
inotify_init1;1;CVE-2010-4250;Denial Of Service;False;9;9;11;nginx, mysql, httpd
splice;1;CVE-2009-1961;Denial Of Service;False;1;1;12;nginx, mysql, httpd
mprotect;1;CVE-2010-4169;Denial Of Service;False;0;0;2;registry, traefik
fsetxattr, fremovexattr, lsetxattr, setxattr, removexattr, lremovexattr;1;CVE-2011-1090;Denial Of Service;False;0;0;13;nginx, mysql, httpd
rt_sigqueueinfo, rt_tgsigqueueinfo;1;CVE-2011-1182;set();False;0;12;14;nginx, mysql, httpd
semctl;1;CVE-2010-4083;Obtain Information;False;10;11;13;ghost, memcached, redis
io_submit;1;CVE-2010-3066;Denial Of Service;False;13;13;14;nginx, mysql, httpd
shmctl;2;CVE-2009-0859, CVE-2010-4072;Obtain Information, Denial Of Service;False;7;7;11;ghost, memcached, redis
ioprio_get;1;CVE-2016-7911;Gain privileges, Denial Of Service;False;13;13;15;nginx, mysql, httpd
mq_notify;1;CVE-2017-11176;Denial Of Service;False;15;15;15;nginx, mysql, httpd
sched_getattr;1;CVE-2014-9903;Obtain Information;False;15;15;15;nginx, mysql, httpd
semget, msgget, shmget;1;CVE-2015-7613;Gain privileges;False;0;0;5;telegraf, logstash, redis
clock_nanosleep;1;CVE-2018-13053;Overflow;False;2;2;4;registry, httpd, logstash
waitid;2;CVE-2017-5123, CVE-2017-14954;Gain privileges, Obtain Information, Bypass a restriction or similar;False;10;10;10;nginx, mysql, httpd
set_thread_area;1;CVE-2014-8133;Bypass a restriction or similar;False;15;15;15;nginx, mysql, httpd
setsockopt;5;CVE-2017-7308, CVE-2017-6074;Memory corruption, Denial Of Service, Gain privileges, Overflow;False;0;0;1;logstash
