keyctl, add_key;2;CVE-2015-8539, CVE-2017-15274;Gain privileges, Denial Of Service;True;13;nginx, mysql, httpd
recvfrom, sendto;1;CVE-2015-2686;Gain privileges;False;1;logstash
ioctl;26;CVE-2009-0745, CVE-2010-3861;Obtain Information, Denial Of Service, Gain privileges, Bypass a restriction or similar, Overflow;False;1;logstash
mount;3;CVE-2008-2931, CVE-2014-5207;Denial Of Service, Gain privileges, Bypass a restriction or similar;True;14;nginx, mysql, httpd
unshare;2;CVE-2013-1858, CVE-2013-4205;Gain privileges, Denial Of Service;True;11;nginx, mysql, httpd
epoll_pwait, epoll_wait, epoll_ctl;1;CVE-2011-1082;Denial Of Service;False;1;logstash
epoll_ctl;1;CVE-2012-3375;Denial Of Service;False;1;logstash
inotify_add_watch;1;CVE-2019-9857;Denial Of Service;False;11;nginx, mysql, httpd
inotify_init1;1;CVE-2010-4250;Denial Of Service;False;11;nginx, mysql, httpd
ptrace;5;CVE-2012-1097, CVE-2009-1527;Gain privileges, Denial Of Service;True;12;nginx, mysql, httpd
keyctl, add_key, request_key;2;CVE-2016-0728, CVE-2017-7472;Gain privileges, Denial Of Service, Overflow;True;13;nginx, mysql, httpd
splice;1;CVE-2009-1961;Denial Of Service;False;12;nginx, mysql, httpd
pivot_root;1;CVE-2014-7970;Denial Of Service;True;15;nginx, mysql, httpd
mprotect;1;CVE-2010-4169;Denial Of Service;False;2;registry, traefik
fsetxattr, fremovexattr, lsetxattr, setxattr, removexattr, lremovexattr;1;CVE-2011-1090;Denial Of Service;False;13;nginx, mysql, httpd
name_to_handle_at;1;CVE-2012-6549;Obtain Information;True;13;nginx, mysql, httpd
move_pages;2;CVE-2010-0415, CVE-2017-14140;Obtain Information, Denial Of Service;True;15;nginx, mysql, httpd
perf_event_open;1;CVE-2017-6001;Gain privileges;True;15;nginx, mysql, httpd
rt_sigqueueinfo, rt_tgsigqueueinfo;1;CVE-2011-1182;set();False;14;nginx, mysql, httpd
semctl;1;CVE-2010-4083;Obtain Information;False;13;ghost, memcached, redis
io_submit;1;CVE-2010-3066;Denial Of Service;False;14;nginx, mysql, httpd
shmctl;2;CVE-2009-0859, CVE-2010-4072;Obtain Information, Denial Of Service;False;11;ghost, memcached, redis
ioprio_get;1;CVE-2016-7911;Gain privileges, Denial Of Service;False;15;nginx, mysql, httpd
mq_notify;1;CVE-2017-11176;Denial Of Service;False;15;nginx, mysql, httpd
get_mempolicy;1;CVE-2018-10675;Denial Of Service;True;13;nextcloud, ghost, memcached
open_by_handle_at;1;CVE-2010-3877;Obtain Information;True;15;nginx, mysql, httpd
keyctl;4;CVE-2016-9604, CVE-2017-12192;Gain privileges, Denial Of Service, Bypass a restriction or similar;True;13;nginx, mysql, httpd
sched_getattr;1;CVE-2014-9903;Obtain Information;False;15;nginx, mysql, httpd
semget, msgget, shmget;1;CVE-2015-7613;Gain privileges;False;5;telegraf, logstash, redis
clock_nanosleep;1;CVE-2018-13053;Overflow;False;4;registry, httpd, logstash
waitid;2;CVE-2017-5123, CVE-2017-14954;Gain privileges, Obtain Information, Bypass a restriction or similar;False;10;nginx, mysql, httpd
set_thread_area;1;CVE-2014-8133;Bypass a restriction or similar;False;15;nginx, mysql, httpd
setsockopt;5;CVE-2017-7308, CVE-2017-6074;Memory corruption, Denial Of Service, Gain privileges, Overflow;False;1;logstash
