keyctl, add_key;2;CVE-2015-8539, CVE-2017-15274;Denial Of Service, Gain privileges;True;11;redis, mysql, httpd
unshare;2;CVE-2013-1858, CVE-2013-4205;Denial Of Service, Gain privileges;True;11;redis, mysql, httpd
inotify_add_watch;1;CVE-2019-9857;Denial Of Service;False;8;redis, mysql, httpd
inotify_init1;1;CVE-2010-4250;Denial Of Service;False;9;redis, mysql, httpd
ptrace;5;CVE-2014-9870, CVE-2009-1527;Denial Of Service, Gain privileges;True;11;redis, mysql, httpd
keyctl, request_key, add_key;2;CVE-2016-0728, CVE-2017-7472;Denial Of Service, Overflow, Gain privileges;True;11;redis, mysql, httpd
splice;1;CVE-2009-1961;Denial Of Service;False;1;logstash
pivot_root;1;CVE-2014-7970;Denial Of Service;True;15;redis, mysql, httpd
fsetxattr, fremovexattr, lsetxattr, removexattr, lremovexattr, setxattr;1;CVE-2011-1090;Denial Of Service;False;2;registry, traefik
name_to_handle_at;1;CVE-2012-6549;Obtain Information;True;13;redis, mysql, httpd
move_pages;2;CVE-2017-14140, CVE-2010-0415;Obtain Information, Denial Of Service;True;13;redis, logstash, memcached
perf_event_open;1;CVE-2017-6001;Gain privileges;True;15;redis, mysql, httpd
rt_tgsigqueueinfo, rt_sigqueueinfo;1;CVE-2011-1182;set();False;12;redis, mysql, httpd
semctl;1;CVE-2010-4083;Obtain Information;False;10;redis, memcached, postgres
io_submit;1;CVE-2010-3066;Denial Of Service;False;13;redis, logstash, memcached
shmctl;2;CVE-2009-0859, CVE-2010-4072;Denial Of Service, Obtain Information;False;7;redis, memcached, node
ioprio_get;1;CVE-2016-7911;Denial Of Service, Gain privileges;False;13;redis, mysql, httpd
mq_notify;1;CVE-2017-11176;Denial Of Service;False;15;redis, mysql, httpd
get_mempolicy;1;CVE-2018-10675;Denial Of Service;True;12;redis, memcached, httpd
open_by_handle_at;1;CVE-2010-3877;Obtain Information;True;15;redis, mysql, httpd
keyctl;4;CVE-2016-9604, CVE-2015-7550;Denial Of Service, Bypass a restriction or similar, Gain privileges;True;12;redis, mysql, httpd
sched_getattr;1;CVE-2014-9903;Obtain Information;False;15;redis, mysql, httpd
shmget, semget, msgget;1;CVE-2015-7613;Gain privileges;False;2;redis, telegraf
clock_nanosleep;1;CVE-2018-13053;Overflow;False;2;registry, traefik
waitid;2;CVE-2017-5123, CVE-2017-14954;Obtain Information, Bypass a restriction or similar, Gain privileges;False;10;redis, mysql, httpd
set_thread_area;1;CVE-2014-8133;Bypass a restriction or similar;False;15;redis, mysql, httpd
